<?xml version="1.0" encoding="UTF-8"?>
<?NLS TYPE="org.eclipse.help.toc"?>

<toc label="地址本">
   <topic label="概述" href="html/index.htm">
      <anchor id="introduction"/>
   </topic>
   <topic label="快速开始">
      <anchor id="quickstart"/>
   </topic>
   <topic label="用户界面">
   	  <anchor id="uicomponent"/>
   </topic>
   <topic label="向导和对话框">
      <anchor id="wizardsanddialogs"/>
   </topic>
   <topic label="操作">
   	  <anchor id="actions"/>
   <topic label="定制界面">
      <anchor id="customui"/>
   </topic>
</toc>
